INDEX,P_TARGET,P_TARGET_ROUND
3,1.6420314851,2
9,3.9332604151,4
10,2.9861977444,3
18,2.2979120833,2
21,0.668429277,1
30,5.3886824993,5
31,3.0226510473,3
37,2.0716800288,2
39,0.2919966144,0
47,1.7243667579,2
60,2.9861977444,3
62,0.8030609367,1
63,3.5077495567,4
64,1.3213998916,1
68,0.7398923001,1
75,2.3515528116,2
76,2.2979120833,2
83,0.2242814525,0
87,3.8115681872,4
92,5.3442848842,5
98,1.9569769709,2
106,1.7243667579,2
107,1.8581691938,2
113,2.3848606671,2
120,3.8115681872,4
123,5.3598752584,5
125,2.6992519523,3
126,5.7711346296,6
128,4.485279986,4
129,2.3848606671,2
131,4.0398231682,4
135,1.587549605,2
141,4.192682325,4
147,3.0991897369,3
148,0.7398923001,1
151,3.8115681872,4
156,3.7234129306,4
157,3.226315268,3
174,1.6420314851,2
186,1.155172122,1
193,2.3848606671,2
195,1.3213998916,1
212,0.9615096825,1
213,0.9615096825,1
217,3.0991897369,3
223,3.9332604151,4
226,3.0991897369,3
228,4.7254779256,5
230,4.0398231682,4
241,2.852154518,3
243,3.8115681872,4
249,1.3213998916,1
281,3.8584852335,4
288,0.2919966144,0
294,1.5197938185,2
295,1.6514285515,2
300,5.3598752584,5
302,4.4123212908,4
303,1.7243667579,2
308,1.3269192291,1
319,4.7254779256,5
320,0.9615096825,1
324,3.0991897369,3
331,2.3848606671,2
343,2.9861977444,3
347,2.2979120833,2
348,3.8115681872,4
350,4.4123212908,4
357,0.7041187195,1
358,3.8115681872,4
360,4.326542413,4
366,3.7234129306,4
367,2.3848606671,2
368,5.0371512904,5
376,2.1947643429,2
380,3.1981378038,3
388,0.2386734217,0
396,4.5792750617,5
398,4.485279986,4
403,4.0398231682,4
410,2.4847595166,2
412,1.3520870427,1
420,2.2979120833,2
434,2.2979120833,2
440,3.0991897369,3
450,3.6726039028,4
453,2.9861977444,3
464,4.654994374,5
465,4.4123212908,4
466,4.654994374,5
473,2.3848606671,2
476,1.7243667579,2
478,1.7243667579,2
479,2.8261091889,3
493,2.4610022954,2
497,2.969146922,3
503,3.8115681872,4
504,3.6726039028,4
505,2.0310252242,2
507,0.5381278552,1
513,3.0991897369,3
519,2.3848606671,2
521,3.8115681872,4
522,3.8115681872,4
545,3.0991897369,3
549,1.7243667579,2
551,1.3213998916,1
556,5.8958027659,6
557,5.5925799048,6
559,1.3269192291,1
560,2.3848606671,2
566,3.8115681872,4
569,4.4123212908,4
573,2.3848606671,2
578,0.9615096825,1
579,4.8535040119,5
582,4.8535040119,5
596,4.0398231682,4
598,2.0686102816,2
599,0.7398923001,1
602,2.9861977444,3
605,1.6420314851,2
617,2.5302743712,3
619,5.1467975171,5
630,3.5876626598,4
634,3.3061256994,3
643,2.2979120833,2
645,0.5143636972,1
647,4.5792750617,5
649,3.5876626598,4
656,3.6726039028,4
657,4.3691873043,4
658,3.0991897369,3
667,3.1086884618,3
692,3.0991897369,3
693,4.192682325,4
698,0.3508091024,0
699,3.6726039028,4
700,6.3072572873,6
704,2.9330437376,3
707,3.5876626598,4
708,4.4123212908,4
709,3.0991897369,3
713,0.5143636972,1
714,2.8261091889,3
716,2.1947643429,2
718,3.8115681872,4
722,4.0398231682,4
729,5.8958027659,6
731,2.852154518,3
733,3.5077495567,4
746,3.0991897369,3
747,3.5077495567,4
748,1.0168317833,1
753,1.0168317833,1
757,1.0168317833,1
763,2.9330437376,3
767,5.1979728035,5
774,3.0991897369,3
776,1.587549605,2
788,1.3213998916,1
794,3.8115681872,4
799,1.7243667579,2
803,4.192682325,4
806,4.0398231682,4
807,3.6726039028,4
811,4.192682325,4
816,5.8958027659,6
818,3.5077495567,4
819,1.3269192291,1
831,5.0371512904,5
835,4.8535040119,5
837,1.3269192291,1
841,2.0716800288,2
846,1.0168317833,1
856,5.5925799048,6
861,4.4123212908,4
862,2.4248262837,2
863,2.8261091889,3
865,3.8115681872,4
871,2.4610022954,2
879,1.3213998916,1
880,2.3848606671,2
881,3.5077495567,4
885,3.6726039028,4
887,2.9861977444,3
892,1.587549605,2
898,3.8115681872,4
900,0.7041187195,1
904,1.7243667579,2
906,4.8535040119,5
910,3.9332604151,4
912,3.8584852335,4
913,2.3848606671,2
919,4.485279986,4
924,1.0168317833,1
925,3.1981378038,3
930,2.8261091889,3
940,1.6514285515,2
941,3.7234129306,4
946,0.4479117297,0
949,5.0371512904,5
951,1.3269192291,1
962,3.9332604151,4
966,2.2979120833,2
967,4.8036147341,5
971,2.0716800288,2
981,2.969146922,3
982,2.5441001714,3
983,1.7243667579,2
984,2.0716800288,2
989,1.7616960684,2
990,4.5792750617,5
992,2.9861977444,3
995,5.0371512904,5
996,1.3269192291,1
998,0.7398923001,1
1001,3.4514723937,3
1007,1.3213998916,1
1008,2.3848606671,2
1016,2.4610022954,2
1022,2.2979120833,2
1027,5.0371512904,5
1032,2.0716800288,2
1033,3.8115681872,4
1041,4.6356419034,5
1065,1.0168317833,1
1074,1.7243667579,2
1075,0.668429277,1
1081,1.0168317833,1
1094,4.192682325,4
1099,2.9330437376,3
1105,2.852154518,3
1123,2.0716800288,2
1135,1.7243667579,2
1142,2.3848606671,2
1155,2.2979120833,2
1169,2.9861977444,3
1176,3.7234129306,4
1178,3.8115681872,4
1180,3.6726039028,4
1184,0.668429277,1
1185,1.3269192291,1
1193,0.668429277,1
1196,1.3269192291,1
1199,0.9188429038,1
1203,2.3515528116,2
1205,2.3848606671,2
1207,2.3848606671,2
1208,1.7243667579,2
1212,0.2386734217,0
1213,1.3213998916,1
1222,1.0168317833,1
1223,1.7243667579,2
1226,3.8584852335,4
1227,5.8958027659,6
1229,1.0168317833,1
1230,4.326542413,4
1231,3.0991897369,3
1241,1.0168317833,1
1243,4.192682325,4
1244,5.5925799048,6
1246,4.192682325,4
1248,2.3848606671,2
1249,3.8115681872,4
1252,3.5077495567,4
1261,3.7234129306,4
1275,3.226315268,3
1281,1.7243667579,2
1285,3.8584852335,4
1288,1.587549605,2
1290,3.6726039028,4
1291,1.3213998916,1
1304,4.4123212908,4
1305,2.1526527542,2
1323,4.4123212908,4
1342,1.7243667579,2
1348,2.3848606671,2
1353,3.6726039028,4
1363,2.8261091889,3
1371,3.6726039028,4
1372,1.0168317833,1
1378,0.9615096825,1
1381,3.3614616049,3
1382,4.0398231682,4
1393,4.4123212908,4
1394,5.0371512904,5
1398,5.8958027659,6
1404,3.5876626598,4
1405,3.6726039028,4
1419,1.3213998916,1
1421,2.0310252242,2
1426,1.0168317833,1
1431,1.3213998916,1
1435,2.9330437376,3
1437,2.5141001267,3
1438,2.0716800288,2
1442,0.3561779969,0
1464,1.3269192291,1
1471,3.5876626598,4
1473,4.5792750617,5
1476,3.0266872485,3
1478,2.1947643429,2
1479,3.9332604151,4
1487,5.0371512904,5
1492,4.4123212908,4
1496,2.9330437376,3
1497,1.587549605,2
1515,3.1981378038,3
1519,1.3213998916,1
1522,2.8261091889,3
1526,3.8422906189,4
1537,2.9861977444,3
1538,4.192682325,4
1540,2.0686102816,2
1543,3.6726039028,4
1548,1.0168317833,1
1549,1.7243667579,2
1556,2.8261091889,3
1564,1.3213998916,1
1570,3.3293220814,3
1577,2.2979120833,2
1585,4.192682325,4
1590,4.4123212908,4
1592,1.3269192291,1
1594,1.0168317833,1
1596,6.5459118001,7
1598,4.8036147341,5
1603,2.1338634984,2
1607,1.0168317833,1
1612,5.3886824993,5
1627,4.5792750617,5
1629,3.7234129306,4
1630,2.9330437376,3
1640,5.3886824993,5
1641,4.0398231682,4
1646,3.9332604151,4
1662,1.155172122,1
1668,1.7243667579,2
1671,0.5381278552,1
1672,4.192682325,4
1673,5.3886824993,5
1686,3.9332604151,4
1688,4.0398231682,4
1696,3.226315268,3
1701,4.654994374,5
1707,3.9332604151,4
1708,3.7234129306,4
1713,3.9332604151,4
1715,3.226315268,3
1717,3.0991897369,3
1721,2.9330437376,3
1724,2.9861977444,3
1725,2.9330437376,3
1730,3.8115681872,4
1731,4.192682325,4
1734,4.0107356562,4
1740,3.7234129306,4
1748,3.0991897369,3
1749,3.9720288928,4
1750,5.3886824993,5
1763,3.0991897369,3
1768,4.326542413,4
1773,2.1947643429,2
1777,2.0716800288,2
1778,0.4479117297,0
1780,3.0991897369,3
1782,0.668429277,1
1784,4.5792750617,5
1786,3.6726039028,4
1787,4.5792750617,5
1792,0.9615096825,1
1800,2.4610022954,2
1801,2.8261091889,3
1803,2.852154518,3
1804,3.226315268,3
1807,2.3848606671,2
1818,5.6808502917,6
1821,3.7234129306,4
1822,4.192682325,4
1828,2.9861977444,3
1833,3.9332604151,4
1844,4.192682325,4
1847,3.1981378038,3
1850,2.3848606671,2
1854,3.6726039028,4
1858,4.8535040119,5
1864,4.0398231682,4
1867,1.6035745049,2
1876,3.0991897369,3
1880,1.3213998916,1
1881,2.0686102816,2
1891,2.9861977444,3
1894,2.7478925613,3
1895,4.5792750617,5
1901,2.0716800288,2
1905,4.5792750617,5
1912,5.6808502917,6
1918,2.8261091889,3
1921,3.8115681872,4
1923,2.8261091889,3
1924,2.0716800288,2
1931,2.2979120833,2
1941,4.192682325,4
1950,0.9188429038,1
1951,4.192682325,4
1954,4.7254779256,5
1961,3.6726039028,4
1966,3.8115681872,4
1979,3.9332604151,4
1982,0.9615096825,1
1987,3.0991897369,3
1997,3.0991897369,3
2004,4.0398231682,4
2011,4.485279986,4
2015,3.7234129306,4
2025,6.3072572873,6
2033,0.9615096825,1
2034,4.4123212908,4
2035,1.7243667579,2
2036,1.1370465849,1
2053,3.0991897369,3
2059,2.0159891834,2
2060,1.6420314851,2
2073,2.9861977444,3
2084,3.0991897369,3
2089,3.3293220814,3
2092,1.3269192291,1
2109,4.654994374,5
2129,4.0385102778,4
2134,5.4258506008,5
2135,4.858490262,5
2148,3.5876626598,4
2149,1.587549605,2
2150,2.2979120833,2
2165,2.9861977444,3
2166,2.9861977444,3
2168,4.654994374,5
2170,0.5123482836,1
2171,2.3848606671,2
2172,3.4266211216,3
2176,5.0371512904,5
2182,2.9330437376,3
2189,2.1947643429,2
2191,4.7254779256,5
2197,3.0991897369,3
2202,1.155172122,1
2203,3.5077495567,4
2204,0.1436531549,0
2206,4.7254779256,5
2218,2.4847595166,2
2219,3.8115681872,4
2221,1.3213998916,1
2226,1.3213998916,1
2228,2.8261091889,3
2232,3.9332604151,4
2236,0.2919966144,0
2241,2.3848606671,2
2245,4.8535040119,5
2251,2.969146922,3
2255,5.0371512904,5
2256,3.8115681872,4
2259,1.7243667579,2
2263,3.6726039028,4
2264,3.6726039028,4
2267,1.3213998916,1
2273,2.1947643429,2
2277,4.5792750617,5
2287,3.3614616049,3
2289,3.1118821746,3
2291,0.7398923001,1
2296,2.0686102816,2
2299,1.3269192291,1
2306,2.9330437376,3
2314,1.155172122,1
2317,2.5302743712,3
2318,4.0398231682,4
2321,4.192682325,4
2324,4.4123212908,4
2340,2.9330437376,3
2343,1.9569769709,2
2349,0.7398923001,1
2352,4.8535040119,5
2353,1.3269192291,1
2365,2.4847595166,2
2370,1.3213998916,1
2378,3.0266872485,3
2390,0.5143636972,1
2399,1.587549605,2
2402,1.3213998916,1
2403,1.587549605,2
2404,1.7243667579,2
2414,5.0371512904,5
2422,3.6726039028,4
2424,1.155172122,1
2430,3.8115681872,4
2435,2.9330437376,3
2439,2.1338634984,2
2442,4.4123212908,4
2445,3.8115681872,4
2449,2.5636555411,3
2451,1.3213998916,1
2461,3.5876626598,4
2464,3.8115681872,4
2465,3.8115681872,4
2472,2.8261091889,3
2476,2.3848606671,2
2482,3.0991897369,3
2487,5.0371512904,5
2498,4.5792750617,5
2501,3.8115681872,4
2504,2.9861977444,3
2511,0.4479117297,0
2518,5.0371512904,5
2521,5.0371512904,5
2530,2.8261091889,3
2543,4.5792750617,5
2545,4.2142628123,4
2561,3.3293220814,3
2566,3.6726039028,4
2572,3.0991897369,3
2577,3.5876626598,4
2578,2.1338634984,2
2580,3.4266211216,3
2581,4.326542413,4
2582,4.4123212908,4
2584,2.9861977444,3
2590,4.326542413,4
2598,2.8261091889,3
2602,1.7243667579,2
2605,4.8535040119,5
2616,3.8115681872,4
2618,3.6726039028,4
2619,1.3269192291,1
2624,5.0371512904,5
2632,1.7243667579,2
2640,3.8115681872,4
2646,4.192682325,4
2651,1.587549605,2
2660,1.3213998916,1
2661,3.1086884618,3
2668,0.9188429038,1
2670,2.0716800288,2
2680,3.4266211216,3
2681,3.0266872485,3
2689,0.9615096825,1
2694,5.3598752584,5
2695,1.7243667579,2
2696,3.0991897369,3
2702,2.9861977444,3
2704,3.5077495567,4
2708,4.8509619247,5
2709,3.22966049,3
2714,4.0398231682,4
2716,0.9860980966,1
2723,1.3213998916,1
2725,3.0266872485,3
2738,0.1035780615,0
2750,3.8115681872,4
2756,1.7243667579,2
2758,3.8584852335,4
2766,2.9861977444,3
2767,1.155172122,1
2771,2.0310252242,2
2775,3.6726039028,4
2776,2.6992519523,3
2779,2.1338634984,2
2780,3.0991897369,3
2781,1.3213998916,1
2782,4.326542413,4
2783,3.8115681872,4
2796,3.5077495567,4
2798,4.6491156572,5
2800,3.5876626598,4
2803,6.5459118001,7
2806,5.1979728035,5
2813,2.8261091889,3
2818,1.6420314851,2
2821,5.0371512904,5
2825,4.192682325,4
2829,2.0686102816,2
2830,3.0991897369,3
2833,4.0398231682,4
2839,1.0168317833,1
2843,4.485279986,4
2846,4.4123212908,4
2847,3.5876626598,4
2848,5.3886824993,5
2856,3.8422906189,4
2863,1.587549605,2
2867,4.8535040119,5
2869,3.6726039028,4
2873,4.326542413,4
2874,3.6726039028,4
2875,2.8261091889,3
2880,1.6420314851,2
2886,3.226315268,3
2887,3.6726039028,4
2888,2.7478925613,3
2889,2.3848606671,2
2890,2.5636555411,3
2892,1.3269192291,1
2901,3.5876626598,4
2902,2.4847595166,2
2905,2.0686102816,2
2917,2.4847595166,2
2922,2.9861977444,3
2924,4.1992289318,4
2930,1.8581691938,2
2931,4.8535040119,5
2946,1.6420314851,2
2955,3.8115681872,4
2962,2.8261091889,3
2964,1.3213998916,1
2965,0.668429277,1
2967,5.164461929,5
2970,5.3886824993,5
2973,5.8958027659,6
2974,1.0168317833,1
2976,1.7243667579,2
2977,1.7243667579,2
2978,0.668429277,1
2986,4.192682325,4
2988,5.0371512904,5
2989,2.0716800288,2
2995,3.9332604151,4
3005,4.6356419034,5
3011,4.3691873043,4
3013,3.0991897369,3
3019,3.6726039028,4
3021,1.6514285515,2
3022,5.0371512904,5
3029,1.0168317833,1
3037,3.6726039028,4
3042,2.3848606671,2
3043,3.8115681872,4
3049,3.6726039028,4
3050,5.7711346296,6
3053,1.0168317833,1
3058,1.3213998916,1
3062,1.587549605,2
3063,3.8584852335,4
3065,2.0716800288,2
3080,2.3848606671,2
3088,1.587549605,2
3093,1.3269192291,1
3096,5.0371512904,5
3101,5.3886824993,5
3103,0.9188429038,1
3107,5.6808502917,6
3109,4.326542413,4
3111,5.1467975171,5
3113,4.5792750617,5
3116,4.6356419034,5
3132,3.0991897369,3
3141,5.0371512904,5
3153,1.3213998916,1
3154,1.3213998916,1
3160,1.7243667579,2
3167,2.0716800288,2
3170,3.1118821746,3
3173,2.2979120833,2
3174,3.9332604151,4
3177,5.0371512904,5
3179,3.6367012482,4
3184,0.7398923001,1
3190,2.852154518,3
3193,4.0398231682,4
3199,4.0398231682,4
3201,0.9615096825,1
3202,2.5302743712,3
3203,3.5876626598,4
3206,2.8261091889,3
3209,2.9330437376,3
3210,2.852154518,3
3217,4.192682325,4
3220,4.192682325,4
3228,2.4610022954,2
3232,3.0991897369,3
3239,0.668429277,1
3243,3.6726039028,4
3245,2.9861977444,3
3246,4.2142628123,4
3251,4.485279986,4
3253,4.654994374,5
3257,3.6367012482,4
3260,0.9615096825,1
3261,3.7234129306,4
3263,5.0371512904,5
3278,3.8115681872,4
3281,3.1981378038,3
3283,5.0371512904,5
3290,2.1947643429,2
3297,3.6726039028,4
3304,3.0226510473,3
3305,3.0266872485,3
3307,5.164461929,5
3308,3.5876626598,4
3313,3.5876626598,4
3314,3.0991897369,3
3317,1.3520870427,1
3348,1.155172122,1
3350,2.1947643429,2
3359,3.9332604151,4
3367,3.6367012482,4
3376,3.0991897369,3
3378,2.969146922,3
3384,1.7243667579,2
3386,3.0991897369,3
3387,3.9332604151,4
3388,2.8261091889,3
3390,4.5792750617,5
3391,1.7243667579,2
3396,0.0352456728,0
3398,3.9332604151,4
3404,4.654994374,5
3406,2.0716800288,2
3407,3.8422906189,4
3414,4.3691873043,4
3419,2.9330437376,3
3423,2.3848606671,2
3427,3.1981378038,3
3432,0.1866810877,0
3434,3.0991897369,3
3438,0.9615096825,1
3442,0.668429277,1
3443,1.7243667579,2
3448,0.2919966144,0
3456,3.0266872485,3
3464,5.3886824993,5
3470,1.7243667579,2
3475,3.6726039028,4
3477,3.1086884618,3
3490,2.9861977444,3
3493,3.6726039028,4
3502,2.9330437376,3
3508,4.192682325,4
3516,1.3269192291,1
3517,4.3691873043,4
3525,3.0991897369,3
3532,3.5077495567,4
3535,3.8115681872,4
3536,4.5792750617,5
3540,2.9330437376,3
3547,3.0991897369,3
3550,3.1086884618,3
3557,2.2979120833,2
3562,1.0168317833,1
3563,2.8261091889,3
3564,1.0168317833,1
3570,3.7234129306,4
3573,3.4266211216,3
3577,3.4266211216,3
3579,3.1086884618,3
3581,1.0168317833,1
3587,3.6726039028,4
3602,3.226315268,3
3609,3.5077495567,4
3612,3.6714103539,4
3621,3.5876626598,4
3642,2.5636555411,3
3647,1.3213998916,1
3649,3.0991897369,3
3654,2.6882139669,3
3660,4.5792750617,5
3665,4.326542413,4
3669,3.6726039028,4
3673,3.8115681872,4
3675,1.7243667579,2
3678,3.6726039028,4
3680,3.7234129306,4
3686,5.4258506008,5
3693,4.5792750617,5
3710,2.9861977444,3
3713,4.0398231682,4
3718,4.8535040119,5
3725,3.0266872485,3
3726,3.5876626598,4
3747,2.6882139669,3
3753,0.9615096825,1
3754,4.8036147341,5
3760,4.654994374,5
3763,2.3848606671,2
3765,4.0398231682,4
3769,4.485279986,4
3771,3.6726039028,4
3784,3.4266211216,3
3787,4.4123212908,4
3794,1.3213998916,1
3796,3.6726039028,4
3798,4.5792750617,5
3809,3.8115681872,4
3812,5.0371512904,5
3819,0.7041187195,1
3828,4.192682325,4
3831,5.0371512904,5
3833,3.5876626598,4
3837,5.0371512904,5
3839,0.7398923001,1
3843,2.5141001267,3
3846,3.8115681872,4
3854,4.8535040119,5
3861,1.3213998916,1
3864,3.6726039028,4
3868,3.1981378038,3
3869,4.8535040119,5
3870,2.9861977444,3
3883,2.3848606671,2
3886,2.9861977444,3
3889,3.8115681872,4
3894,0.5143636972,1
3907,2.9861977444,3
3910,3.8115681872,4
3913,1.7243667579,2
3914,3.0991897369,3
3921,5.6866865165,6
3923,1.155172122,1
3929,1.9569769709,2
3931,1.1370465849,1
3932,5.0371512904,5
3937,0.2919966144,0
3943,3.22966049,3
3956,4.5792750617,5
3957,3.1981378038,3
3961,5.5925799048,6
3971,3.7234129306,4
4004,0.5143636972,1
4005,3.5876626598,4
4006,4.192682325,4
4011,2.4610022954,2
4013,4.8535040119,5
4014,5.8958027659,6
4016,0.3446730136,0
4017,5.1979728035,5
4020,3.1981378038,3
4022,3.8115681872,4
4026,0.668429277,1
4032,1.0168317833,1
4043,2.2979120833,2
4045,3.7234129306,4
4048,5.0371512904,5
4051,4.8535040119,5
4052,3.6726039028,4
4056,2.8261091889,3
4059,2.2343140686,2
4069,4.8535040119,5
4074,3.8115681872,4
4076,3.0991897369,3
4077,1.6420314851,2
4079,2.2343140686,2
4081,3.8115681872,4
4088,1.7243667579,2
4105,3.5876626598,4
4125,3.8115681872,4
4134,2.9330437376,3
4139,2.6882139669,3
4146,2.2979120833,2
4149,4.192682325,4
4151,0.3508091024,0
4155,3.0991897369,3
4157,3.22966049,3
4168,5.0371512904,5
4170,2.2979120833,2
4174,2.4610022954,2
4179,5.0371512904,5
4185,4.0398231682,4
4199,0.5143636972,1
4205,1.7243667579,2
4208,3.5876626598,4
4211,2.0310252242,2
4212,0.1436531549,0
4215,3.1981378038,3
4217,2.9330437376,3
4219,1.7243667579,2
4226,4.0398231682,4
4227,2.9330437376,3
4229,1.3269192291,1
4231,2.4847595166,2
4233,1.3269192291,1
4237,2.9861977444,3
4243,4.4123212908,4
4248,4.192682325,4
4255,5.0371512904,5
4262,2.3848606671,2
4266,1.0168317833,1
4268,2.0716800288,2
4270,2.2979120833,2
4273,2.0716800288,2
4276,4.2142628123,4
4277,3.8115681872,4
4279,2.2979120833,2
4299,3.9332604151,4
4313,1.587549605,2
4322,4.192682325,4
4324,1.7243667579,2
4328,2.6992519523,3
4331,3.0991897369,3
4335,2.1947643429,2
4337,3.5077495567,4
4338,1.0168317833,1
4343,1.9120498393,2
4347,1.5912198459,2
4355,3.8115681872,4
4357,2.852154518,3
4359,5.5925799048,6
4362,1.6514285515,2
4368,2.3848606671,2
4374,5.0371512904,5
4375,4.8535040119,5
4378,3.6726039028,4
4381,2.1338634984,2
4387,4.4123212908,4
4400,2.1947643429,2
4423,4.2142628123,4
4424,2.9861977444,3
4428,4.0398231682,4
4433,6.08403851,6
4436,1.6420314851,2
4437,1.7243667579,2
4439,5.5925799048,6
4449,3.6726039028,4
4456,3.6726039028,4
4463,5.1467975171,5
4467,2.2979120833,2
4468,2.1338634984,2
4469,2.9861977444,3
4472,3.8115681872,4
4473,4.326542413,4
4476,3.0991897369,3
4500,2.3848606671,2
4509,3.9332604151,4
4513,2.1947643429,2
4521,1.7243667579,2
4527,2.9861977444,3
4530,1.5197938185,2
4532,3.5876626598,4
4533,2.8261091889,3
4535,2.3848606671,2
4536,3.6314582034,4
4542,3.5077495567,4
4551,2.852154518,3
4554,3.8115681872,4
4555,1.5912198459,2
4564,1.3213998916,1
4572,2.2979120833,2
4573,6.0241396947,6
4577,1.3269192291,1
4579,5.3442848842,5
4583,3.5077495567,4
4584,5.5925799048,6
4596,2.9330437376,3
4599,3.9332604151,4
4607,3.8115681872,4
4609,0.2246946137,0
4610,1.3213998916,1
4616,1.6514285515,2
4617,3.0991897369,3
4633,4.192682325,4
4638,3.6726039028,4
4641,2.9861977444,3
4653,6.3072572873,6
4655,4.192682325,4
4659,1.587549605,2
4669,1.0168317833,1
4678,1.3213998916,1
4685,4.4123212908,4
4686,3.5077495567,4
4691,1.0168317833,1
4695,4.5792750617,5
4698,3.6726039028,4
4700,4.8036147341,5
4711,3.0266872485,3
4722,4.0398231682,4
4727,3.226315268,3
4756,5.5925799048,6
4762,0.668429277,1
4763,2.9330437376,3
4766,4.2839465674,4
4770,0.9615096825,1
4784,3.226315268,3
4791,3.5876626598,4
4795,5.0371512904,5
4799,1.0168317833,1
4802,4.0398231682,4
4805,3.6726039028,4
4814,4.5792750617,5
4816,0.9615096825,1
4817,3.8115681872,4
4822,3.1981378038,3
4827,2.3848606671,2
4833,4.485279986,4
4836,1.587549605,2
4842,3.0991897369,3
4844,3.0991897369,3
4845,2.4610022954,2
4849,4.0398231682,4
4850,1.7243667579,2
4860,4.192682325,4
4863,2.852154518,3
4871,3.8115681872,4
4878,3.6726039028,4
4881,3.0991897369,3
4888,4.1992289318,4
4900,6.0241396947,6
4906,3.7234129306,4
4909,2.0716800288,2
4916,4.4123212908,4
4918,5.1467975171,5
4926,3.0991897369,3
4928,2.3848606671,2
4941,2.852154518,3
4946,4.326542413,4
4949,1.7243667579,2
4956,2.9861977444,3
4966,4.0398231682,4
4969,2.852154518,3
4973,3.8115681872,4
4978,4.8535040119,5
4982,2.3816892023,2
4985,4.5792750617,5
4991,3.8422906189,4
4998,3.6726039028,4
5000,2.3848606671,2
5004,3.3061256994,3
5005,2.2979120833,2
5011,4.4123212908,4
5016,0.1866810877,0
5018,2.969146922,3
5034,3.8115681872,4
5038,1.3213998916,1
5042,6.08403851,6
5046,3.0991897369,3
5051,0.2919966144,0
5054,1.7243667579,2
5057,4.192682325,4
5062,3.8115681872,4
5063,4.4123212908,4
5065,3.1981378038,3
5066,1.3269192291,1
5076,2.3848606671,2
5089,2.9330437376,3
5092,2.0310252242,2
5093,4.192682325,4
5094,3.8584852335,4
5098,3.8115681872,4
5102,2.1526527542,2
5112,4.8535040119,5
5117,2.852154518,3
5127,3.5077495567,4
5130,2.3848606671,2
5131,2.1947643429,2
5132,3.6726039028,4
5135,1.7243667579,2
5136,2.9861977444,3
5147,4.7254779256,5
5157,3.8115681872,4
5160,2.2979120833,2
5165,1.0168317833,1
5166,1.3213998916,1
5172,2.3848606671,2
5173,2.4610022954,2
5179,0.9615096825,1
5184,5.0371512904,5
5187,2.2979120833,2
5191,3.0991897369,3
5193,1.0168317833,1
5194,1.7243667579,2
5199,2.2979120833,2
5212,1.3213998916,1
5213,3.0991897369,3
5224,3.6726039028,4
5226,3.6367012482,4
5239,4.6356419034,5
5252,4.5792750617,5
5264,0.668429277,1
5266,1.7041538367,2
5271,4.8535040119,5
5273,3.8115681872,4
5276,2.1548642833,2
5278,4.192682325,4
5281,2.1947643429,2
5283,3.8584852335,4
5291,0.9399536799,1
5294,5.8958027659,6
5296,3.6726039028,4
5297,1.3213998916,1
5313,3.8115681872,4
5314,2.9861977444,3
5321,2.9330437376,3
5325,2.8261091889,3
5326,1.7243667579,2
5328,3.226315268,3
5334,3.0991897369,3
5338,4.4123212908,4
5344,1.5197938185,2
5348,1.3269192291,1
5352,2.1338634984,2
5353,3.9332604151,4
5354,1.155172122,1
5361,0.1436531549,0
5364,3.5876626598,4
5365,3.8115681872,4
5367,1.1370465849,1
5379,4.0385102778,4
5382,2.9330437376,3
5386,4.8535040119,5
5395,3.9332604151,4
5410,4.4123212908,4
5411,3.5876626598,4
5416,4.8535040119,5
5424,4.3581196968,4
5426,2.9861977444,3
5428,2.1338634984,2
5430,4.654994374,5
5433,1.3213998916,1
5437,2.9330437376,3
5440,3.8422906189,4
5442,4.8535040119,5
5445,3.0991897369,3
5449,3.8115681872,4
5452,3.8115681872,4
5460,1.0168317833,1
5461,2.2979120833,2
5465,1.3269192291,1
5467,4.192682325,4
5471,4.4123212908,4
5474,1.7243667579,2
5475,2.9330437376,3
5480,1.0168317833,1
5481,3.6726039028,4
5484,1.7243667579,2
5494,5.5310004043,6
5495,1.3269192291,1
5497,1.3213998916,1
5499,2.8261091889,3
5507,1.7243667579,2
5510,3.5876626598,4
5515,1.3213998916,1
5516,1.5912198459,2
5517,1.0168317833,1
5524,3.8584852335,4
5530,5.6808502917,6
5534,2.4610022954,2
5543,1.3213998916,1
5545,3.0991897369,3
5558,3.6726039028,4
5562,2.5141001267,3
5573,6.5459118001,7
5581,4.0398231682,4
5583,5.1979728035,5
5587,3.226315268,3
5589,2.1947643429,2
5591,4.4838223279,4
5596,2.9861977444,3
5606,4.0398231682,4
5608,4.5792750617,5
5611,2.9330437376,3
5612,4.5792750617,5
5614,4.192682325,4
5620,3.9332604151,4
5623,5.0371512904,5
5624,3.7802003855,4
5626,5.4258506008,5
5633,0.5123482836,1
5635,2.6992519523,3
5640,4.5792750617,5
5643,2.9861977444,3
5644,5.5925799048,6
5653,5.0371512904,5
5663,4.0398231682,4
5664,4.8535040119,5
5667,2.3848606671,2
5671,1.3213998916,1
5673,3.8115681872,4
5676,2.0958699213,2
5678,2.4847595166,2
5698,2.2979120833,2
5700,5.5925799048,6
5705,3.8115681872,4
5706,5.164461929,5
5711,2.1338634984,2
5712,5.0371512904,5
5716,2.6992519523,3
5719,3.5876626598,4
5725,2.2979120833,2
5728,6.3072572873,6
5734,0.5143636972,1
5735,4.0398231682,4
5743,2.3848606671,2
5754,1.6420314851,2
5755,2.852154518,3
5756,4.5792750617,5
5766,3.0991897369,3
5770,3.9332604151,4
5774,0.9615096825,1
5775,2.2979120833,2
5776,3.8115681872,4
5778,5.7711346296,6
5786,2.8261091889,3
5787,3.6726039028,4
5791,4.8535040119,5
5794,3.0266872485,3
5803,3.1981378038,3
5804,3.7234129306,4
5808,1.155172122,1
5810,3.6726039028,4
5813,3.6726039028,4
5828,3.0266872485,3
5839,5.5925799048,6
5842,4.0398231682,4
5843,2.1145336179,2
5844,3.8115681872,4
5847,2.9861977444,3
5851,2.3848606671,2
5854,3.226315268,3
5857,1.7243667579,2
5866,1.1370465849,1
5874,1.7243667579,2
5886,3.5077495567,4
5895,1.9365537673,2
5897,2.4610022954,2
5898,2.9861977444,3
5900,2.5636555411,3
5902,1.587549605,2
5908,0.668429277,1
5909,3.1981378038,3
5912,5.5925799048,6
5913,1.3213998916,1
5917,4.485279986,4
5918,3.0991897369,3
5921,2.969146922,3
5931,1.1370465849,1
5942,3.8115681872,4
5943,2.9330437376,3
5950,3.9332604151,4
5954,0.668429277,1
5983,2.9330437376,3
5995,3.1981378038,3
6002,2.6882139669,3
6005,3.8115681872,4
6009,6.0241396947,6
6011,2.4610022954,2
6012,4.485279986,4
6019,1.0168317833,1
6021,3.5876626598,4
6029,5.0371512904,5
6036,3.6714103539,4
6037,2.9861977444,3
6038,0.5143636972,1
6043,2.3266046774,2
6045,3.8584852335,4
6047,1.0168317833,1
6048,3.0991897369,3
6061,3.9332604151,4
6063,3.4266211216,3
6064,5.0371512904,5
6068,4.192682325,4
6069,1.3213998916,1
6070,3.6726039028,4
6071,5.0371512904,5
6074,4.192682325,4
6079,3.6726039028,4
6082,3.0991897369,3
6088,4.192682325,4
6094,2.9861977444,3
6095,2.1338634984,2
6098,2.9861977444,3
6102,3.8115681872,4
6105,2.1338634984,2
6113,4.4838223279,4
6116,2.9861977444,3
6120,2.1338634984,2
6121,2.3848606671,2
6126,2.0310252242,2
6144,3.3013592465,3
6145,4.4123212908,4
6153,2.4610022954,2
6156,3.6726039028,4
6159,3.8584852335,4
6162,2.0716800288,2
6184,2.3848606671,2
6188,2.9861977444,3
6189,2.9330437376,3
6191,2.1947643429,2
6211,1.155172122,1
6216,3.6726039028,4
6218,1.0168317833,1
6222,0.9615096825,1
6235,2.9330437376,3
6245,1.0168317833,1
6248,3.6726039028,4
6253,3.5077495567,4
6256,0.5381278552,1
6257,4.2142628123,4
6259,0.7041187195,1
6266,4.5792750617,5
6268,3.6726039028,4
6275,0.7041187195,1
6280,3.1981378038,3
6283,2.3848606671,2
6288,4.654994374,5
6289,2.2979120833,2
6301,5.164461929,5
6308,4.2142628123,4
6314,3.9332604151,4
6315,0.2246946137,0
6316,3.8115681872,4
6317,3.0991897369,3
6318,2.1526527542,2
6323,3.226315268,3
6329,3.4230355461,3
6336,1.3269192291,1
6341,4.7254779256,5
6348,3.226315268,3
6349,4.5792750617,5
6365,1.3213998916,1
6372,3.5077495567,4
6376,3.0991897369,3
6378,0.9615096825,1
6379,4.5792750617,5
6382,0.7398923001,1
6383,2.8261091889,3
6389,4.8535040119,5
6390,1.5197938185,2
6392,4.326542413,4
6394,1.587549605,2
6402,1.587549605,2
6404,4.3581196968,4
6405,2.4610022954,2
6406,1.3213998916,1
6409,4.0377072571,4
6410,5.0371512904,5
6411,3.8115681872,4
6421,4.0385102778,4
6428,6.3072572873,6
6429,2.3848606671,2
6432,4.0398231682,4
6436,1.0168317833,1
6437,3.8115681872,4
6438,0.9399536799,1
6445,3.0991897369,3
6447,4.0398231682,4
6450,4.4123212908,4
6462,4.4123212908,4
6467,3.8115681872,4
6478,3.8115681872,4
6484,4.5792750617,5
6492,4.4123212908,4
6497,5.6808502917,6
6504,2.9330437376,3
6505,1.0168317833,1
6513,2.8261091889,3
6525,4.654994374,5
6526,4.5792750617,5
6528,2.4610022954,2
6540,1.587549605,2
6542,1.155172122,1
6544,5.0371512904,5
6548,3.8115681872,4
6552,2.9330437376,3
6558,3.8115681872,4
6567,2.0310252242,2
6569,4.192682325,4
6572,5.3886824993,5
6577,5.6808502917,6
6581,2.9330437376,3
6588,2.8261091889,3
6591,1.587549605,2
6594,2.3848606671,2
6600,5.6866865165,6
6602,3.7234129306,4
6604,3.0991897369,3
6605,3.6726039028,4
6614,2.3848606671,2
6616,0.9188429038,1
6621,1.3213998916,1
6640,4.4483255478,4
6641,2.8261091889,3
6643,2.852154518,3
6644,1.0168317833,1
6649,1.7041538367,2
6650,3.6726039028,4
6655,5.5925799048,6
6661,2.0686102816,2
6672,4.654994374,5
6677,1.6420314851,2
6688,2.6882139669,3
6689,5.1979728035,5
6691,2.3848606671,2
6692,4.7254779256,5
6694,2.969146922,3
6702,2.2979120833,2
6714,1.3213998916,1
6716,4.8535040119,5
6724,3.8115681872,4
6725,1.3269192291,1
6730,3.6726039028,4
6735,3.0991897369,3
6738,3.0991897369,3
6739,3.0991897369,3
6743,3.8115681872,4
6747,2.9861977444,3
6750,6.5459118001,7
6751,3.0266872485,3
6753,4.192682325,4
6754,3.5876626598,4
6755,0.9188429038,1
6762,3.8115681872,4
6764,3.6726039028,4
6772,3.0204775167,3
6774,1.0168317833,1
6787,2.0310252242,2
6789,3.3061256994,3
6793,4.192682325,4
6798,1.587549605,2
6799,0.5381278552,1
6800,3.9332604151,4
6802,1.6420314851,2
6808,1.3269192291,1
6809,3.9332604151,4
6812,4.2142628123,4
6814,3.0991897369,3
6816,2.3848606671,2
6822,0.9615096825,1
6829,3.6726039028,4
6834,2.3848606671,2
6836,4.326542413,4
6839,3.226315268,3
6840,1.6420314851,2
6843,2.0716800288,2
6846,2.1947643429,2
6848,1.0168317833,1
6852,2.2979120833,2
6856,5.3886824993,5
6860,4.5792750617,5
6866,4.192682325,4
6870,4.0398231682,4
6878,1.587549605,2
6880,4.8535040119,5
6885,5.164461929,5
6897,4.192682325,4
6902,3.226315268,3
6904,4.192682325,4
6907,4.192682325,4
6909,1.155172122,1
6914,1.5912198459,2
6915,5.164461929,5
6922,1.3269192291,1
6924,2.2979120833,2
6933,3.3061256994,3
6934,4.5792750617,5
6941,3.9332604151,4
6957,2.852154518,3
6960,3.1419206238,3
6969,0.2919966144,0
6975,2.9861977444,3
6980,1.3269192291,1
6983,1.0168317833,1
6987,2.0310252242,2
6994,3.5876626598,4
6997,4.5792750617,5
7002,3.7234129306,4
7010,2.3848606671,2
7015,3.5876626598,4
7019,3.0991897369,3
7022,4.2142628123,4
7025,2.3848606671,2
7029,4.4972617164,4
7031,2.3848606671,2
7037,2.2979120833,2
7038,3.5077495567,4
7043,0.9188429038,1
7049,3.7234129306,4
7052,3.5876626598,4
7053,4.192682325,4
7056,3.0266872485,3
7057,4.192682325,4
7080,1.3213998916,1
7086,1.6420314851,2
7087,3.5077495567,4
7105,3.8115681872,4
7108,1.9569769709,2
7121,0.7041187195,1
7122,2.2979120833,2
7125,1.7243667579,2
7132,3.7234129306,4
7134,3.6726039028,4
7151,2.9861977444,3
7152,3.1086884618,3
7157,3.1981378038,3
7159,1.3213998916,1
7166,1.587549605,2
7167,1.3213998916,1
7177,3.0991897369,3
7179,1.3269192291,1
7181,1.8581691938,2
7183,5.164461929,5
7186,3.8115681872,4
7193,5.0371512904,5
7205,3.0266872485,3
7207,2.1338634984,2
7209,3.8584852335,4
7216,2.0716800288,2
7232,1.9365537673,2
7235,1.6420314851,2
7238,2.852154518,3
7240,2.2979120833,2
7243,1.3269192291,1
7252,2.2979120833,2
7269,2.3848606671,2
7275,3.6726039028,4
7281,2.852154518,3
7283,0.9188429038,1
7287,5.8958027659,6
7289,5.4258506008,5
7291,4.192682325,4
7294,2.4248262837,2
7304,5.1979728035,5
7308,4.4123212908,4
7313,2.8261091889,3
7319,1.3213998916,1
7325,1.3269192291,1
7326,2.9861977444,3
7330,5.0371512904,5
7332,4.4123212908,4
7337,1.0168317833,1
7341,0.9615096825,1
7346,3.1086884618,3
7353,0.7041187195,1
7354,3.8584852335,4
7361,1.3213998916,1
7366,1.155172122,1
7368,5.0371512904,5
7372,3.6367012482,4
7375,2.8261091889,3
7377,5.6808502917,6
7380,2.0716800288,2
7382,4.192682325,4
7385,2.9861977444,3
7392,2.852154518,3
7395,4.4123212908,4
7397,3.1086884618,3
7403,3.1086884618,3
7406,3.1086884618,3
7409,0.2919966144,0
7410,3.6726039028,4
7412,4.4123212908,4
7419,2.8261091889,3
7425,2.9330437376,3
7435,6.5459118001,7
7438,3.8115681872,4
7440,4.2142628123,4
7447,3.0266872485,3
7449,1.9569769709,2
7456,3.3293220814,3
7464,3.8115681872,4
7478,2.3848606671,2
7480,2.9330437376,3
7481,5.0371512904,5
7483,3.3061256994,3
7484,1.3269192291,1
7491,4.0398231682,4
7494,2.2979120833,2
7501,2.2979120833,2
7503,3.8115681872,4
7509,2.3848606671,2
7517,0.8030609367,1
7518,5.5925799048,6
7519,1.6514285515,2
7521,5.0371512904,5
7522,2.5302743712,3
7536,3.6726039028,4
7539,1.0168317833,1
7547,5.6808502917,6
7549,3.1981378038,3
7552,2.9861977444,3
7554,1.3269192291,1
7556,3.5077495567,4
7564,3.6726039028,4
7566,1.7243667579,2
7570,4.192682325,4
7571,3.5876626598,4
7572,3.8115681872,4
7575,2.2979120833,2
7586,2.8613970506,3
7589,4.8535040119,5
7590,2.9861977444,3
7597,3.6726039028,4
7602,4.4123212908,4
7604,4.0398231682,4
7605,3.0991897369,3
7612,2.4847595166,2
7615,4.192682325,4
7617,3.0991897369,3
7624,3.6726039028,4
7632,4.192682325,4
7639,3.9720288928,4
7642,3.5876626598,4
7643,3.5077495567,4
7649,3.6726039028,4
7650,1.3269192291,1
7653,3.9332604151,4
7654,3.7234129306,4
7657,5.0371512904,5
7662,0.7398923001,1
7669,3.9332604151,4
7671,2.852154518,3
7675,1.7243667579,2
7678,4.192682325,4
7682,4.0398231682,4
7688,1.3269192291,1
7689,1.0168317833,1
7690,4.8535040119,5
7692,2.852154518,3
7699,1.587549605,2
7705,3.0266872485,3
7712,3.1086884618,3
7726,4.4123212908,4
7728,1.6514285515,2
7735,3.6714103539,4
7737,2.3848606671,2
7739,3.8115681872,4
7743,2.0716800288,2
7744,5.3598752584,5
7746,2.2979120833,2
7749,1.0168317833,1
7750,3.3614616049,3
7752,3.8115681872,4
7755,4.8535040119,5
7756,3.6726039028,4
7762,4.326542413,4
7764,1.587549605,2
7769,2.3848606671,2
7770,2.2979120833,2
7776,5.0371512904,5
7778,5.0371512904,5
7784,2.3848606671,2
7786,2.8261091889,3
7789,3.0266872485,3
7793,4.4123212908,4
7794,1.3269192291,1
7804,3.0266872485,3
7811,4.4123212908,4
7813,3.0991897369,3
7815,3.5876626598,4
7817,0.9615096825,1
7818,3.6726039028,4
7821,5.5925799048,6
7825,3.3293220814,3
7830,5.0371512904,5
7832,3.8115681872,4
7835,1.7243667579,2
7839,6.08403851,6
7842,5.0371512904,5
7849,4.0398231682,4
7856,2.3848606671,2
7857,2.3848606671,2
7863,4.4123212908,4
7866,4.192682325,4
7871,3.0266872485,3
7875,2.2979120833,2
7882,2.2979120833,2
7887,2.4847595166,2
7888,3.226315268,3
7891,1.5912198459,2
7895,3.9720288928,4
7901,4.192682325,4
7906,2.4610022954,2
7908,0.9615096825,1
7917,1.5912198459,2
7924,3.0991897369,3
7948,3.9332604151,4
7950,5.7711346296,6
7955,2.9861977444,3
7957,2.0716800288,2
7959,2.2979120833,2
7967,4.8036147341,5
7969,2.9861977444,3
7971,4.4123212908,4
7974,2.8261091889,3
7976,2.9861977444,3
7986,5.3886824993,5
7987,1.0168317833,1
7993,3.6367012482,4
7996,3.8115681872,4
7998,3.7234129306,4
8018,2.3259633017,2
8019,2.3848606671,2
8027,1.3269192291,1
8036,1.7243667579,2
8040,4.5792750617,5
8044,4.4972617164,4
8050,2.8261091889,3
8052,0.4479117297,0
8054,0.5381278552,1
8057,3.8115681872,4
8058,4.192682325,4
8059,2.9861977444,3
8066,2.2341050038,2
8070,5.6808502917,6
8072,5.8958027659,6
8078,2.4610022954,2
8079,2.9330437376,3
8080,4.0398231682,4
8081,4.0398231682,4
8088,1.3213998916,1
8091,2.9861977444,3
8094,2.9861977444,3
8095,2.4610022954,2
8099,4.326542413,4
8101,4.8535040119,5
8102,5.0371512904,5
8116,4.192682325,4
8125,4.192682325,4
8134,1.8581691938,2
8139,1.155172122,1
8141,4.5792750617,5
8147,3.0991897369,3
8158,5.5925799048,6
8160,2.3848606671,2
8165,2.9330437376,3
8187,2.3848606671,2
8205,1.3213998916,1
8209,3.7234129306,4
8211,3.8115681872,4
8232,3.8115681872,4
8236,4.4123212908,4
8237,5.3442848842,5
8238,5.9335800188,6
8245,4.0398231682,4
8256,3.0991897369,3
8268,2.969146922,3
8269,2.3848606671,2
8270,4.5792750617,5
8286,3.0991897369,3
8289,3.8115681872,4
8301,2.7984817004,3
8305,1.3269192291,1
8310,3.0991897369,3
8312,0.7041187195,1
8318,4.8535040119,5
8321,4.0398231682,4
8328,1.155172122,1
8331,4.4123212908,4
8334,3.0991897369,3
8344,3.8115681872,4
8345,2.1947643429,2
8352,4.192682325,4
8358,3.6726039028,4
8359,2.0686102816,2
8360,2.3848606671,2
8365,2.9330437376,3
8366,3.0266872485,3
8369,4.6356419034,5
8373,5.1979728035,5
8378,3.9332604151,4
8392,2.9330437376,3
8397,2.8261091889,3
8399,2.1947643429,2
8400,3.4266211216,3
8405,3.0991897369,3
8406,4.5792750617,5
8410,1.155172122,1
8413,4.0398231682,4
8414,0.5143636972,1
8416,4.8509619247,5
8426,2.2979120833,2
8434,4.5792750617,5
8439,1.8581691938,2
8440,0.7041187195,1
8475,4.192682325,4
8480,5.0371512904,5
8497,2.2979120833,2
8499,1.155172122,1
8500,3.7234129306,4
8501,2.8261091889,3
8502,2.6992519523,3
8518,5.3598752584,5
8520,3.8115681872,4
8523,4.5792750617,5
8525,0.9188429038,1
8532,2.9861977444,3
8535,2.6882139669,3
8543,1.7243667579,2
8554,1.155172122,1
8560,4.8036147341,5
8561,3.5820694861,4
8563,1.3269192291,1
8566,1.3213998916,1
8570,3.8115681872,4
8572,3.226315268,3
8582,1.490199472,1
8583,1.3269192291,1
8587,2.1338634984,2
8592,2.1947643429,2
8593,2.0716800288,2
8607,1.0168317833,1
8609,4.5792750617,5
8610,3.5077495567,4
8614,3.9332604151,4
8616,4.485279986,4
8622,3.4514723937,3
8623,3.9332604151,4
8624,1.3269192291,1
8633,5.5925799048,6
8641,5.6808502917,6
8644,5.3886824993,5
8649,4.4123212908,4
8653,3.0991897369,3
8657,5.8958027659,6
8658,2.9861977444,3
8663,3.6726039028,4
8672,2.0686102816,2
8680,0.3446730136,0
8684,2.9861977444,3
8687,1.7243667579,2
8688,3.8115681872,4
8690,3.8115681872,4
8712,0.2242814525,0
8717,3.7234129306,4
8730,4.8535040119,5
8739,3.6726039028,4
8744,4.5792750617,5
8747,5.0371512904,5
8748,4.192682325,4
8751,2.8261091889,3
8758,3.6726039028,4
8761,1.3269192291,1
8763,2.0716800288,2
8764,3.6726039028,4
8765,5.8958027659,6
8773,4.485279986,4
8780,2.9861977444,3
8781,2.8261091889,3
8782,3.8115681872,4
8785,0.1866810877,0
8786,3.22966049,3
8797,1.0168317833,1
8799,4.192682325,4
8807,0.7398923001,1
8816,3.5077495567,4
8817,3.1086884618,3
8826,5.0371512904,5
8833,3.0991897369,3
8834,3.1981378038,3
8835,2.2979120833,2
8840,5.0371512904,5
8843,3.5876626598,4
8849,2.9330437376,3
8855,3.7234129306,4
8861,2.6882139669,3
8862,3.6367012482,4
8865,2.2341050038,2
8868,4.654994374,5
8870,4.4123212908,4
8880,4.5792750617,5
8885,1.7243667579,2
8894,1.7243667579,2
8895,4.326542413,4
8899,4.192682325,4
8912,1.7243667579,2
8922,2.3848606671,2
8924,2.9330437376,3
8928,3.9332604151,4
8932,1.155172122,1
8943,5.1979728035,5
8945,5.5925799048,6
8946,4.5792750617,5
8954,2.4847595166,2
8958,3.9332604151,4
8960,1.3269192291,1
8965,1.9365537673,2
8966,4.5792750617,5
8967,2.2979120833,2
8969,2.9330437376,3
8980,4.0398231682,4
8984,3.8584852335,4
8985,2.9861977444,3
8988,3.0991897369,3
8989,4.5792750617,5
8995,1.3213998916,1
9004,3.4266211216,3
9010,2.4847595166,2
9012,1.3213998916,1
9018,3.6726039028,4
9036,0.3561779969,0
9037,2.1947643429,2
9040,2.5636555411,3
9041,5.3598752584,5
9044,5.3886824993,5
9045,3.0991897369,3
9047,2.852154518,3
9049,1.7243667579,2
9061,1.7243667579,2
9062,2.9861977444,3
9076,3.6726039028,4
9079,2.4610022954,2
9081,3.8115681872,4
9082,4.5792750617,5
9089,0.5143636972,1
9092,2.8261091889,3
9094,2.0716800288,2
9115,1.3213998916,1
9117,4.192682325,4
9118,3.0991897369,3
9120,1.3269192291,1
9124,2.9861977444,3
9128,0.7041187195,1
9135,1.3213998916,1
9136,2.9861977444,3
9138,4.0398231682,4
9157,4.192682325,4
9176,1.7243667579,2
9183,1.7243667579,2
9187,3.0991897369,3
9188,1.0168317833,1
9190,4.192682325,4
9197,3.9332604151,4
9200,3.1086884618,3
9201,1.7243667579,2
9203,1.7243667579,2
9212,3.6726039028,4
9213,1.3269192291,1
9214,4.326542413,4
9217,3.5876626598,4
9219,3.7234129306,4
9220,4.8535040119,5
9221,5.5925799048,6
9237,2.5141001267,3
9240,4.4123212908,4
9241,2.1947643429,2
9248,2.9330437376,3
9253,6.3072572873,6
9259,4.4123212908,4
9267,2.5636555411,3
9271,2.9861977444,3
9273,1.0168317833,1
9285,5.5925799048,6
9290,3.9332604151,4
9291,3.0559052947,3
9293,0.9615096825,1
9294,3.6726039028,4
9301,2.9330437376,3
9302,3.8584852335,4
9312,2.852154518,3
9316,3.8115681872,4
9319,1.587549605,2
9328,4.8535040119,5
9331,3.9720288928,4
9338,0.3446730136,0
9350,3.0991897369,3
9356,3.8115681872,4
9359,2.1947643429,2
9362,3.7234129306,4
9364,2.9861977444,3
9370,3.7234129306,4
9380,1.0168317833,1
9386,4.7254779256,5
9394,1.7243667579,2
9407,3.8115681872,4
9411,2.9861977444,3
9422,3.6726039028,4
9423,0.9615096825,1
9429,1.3213998916,1
9433,0.7398923001,1
9439,1.7243667579,2
9451,4.0398231682,4
9452,3.7234129306,4
9453,1.3269192291,1
9460,4.8535040119,5
9465,5.164461929,5
9470,4.192682325,4
9476,3.8115681872,4
9485,3.6726039028,4
9486,1.3269192291,1
9488,3.0991897369,3
9507,5.5925799048,6
9508,1.3269192291,1
9517,6.5459118001,7
9521,5.3598752584,5
9528,2.9330437376,3
9532,3.0991897369,3
9536,2.8261091889,3
9540,5.1979728035,5
9542,4.5792750617,5
9546,3.226315268,3
9548,4.192682325,4
9549,5.7711346296,6
9554,4.654994374,5
9555,4.4123212908,4
9558,1.0168317833,1
9573,1.7243667579,2
9575,4.485279986,4
9584,2.8261091889,3
9586,3.8115681872,4
9588,5.1979728035,5
9591,1.7243667579,2
9592,4.192682325,4
9597,6.08403851,6
9600,4.0398231682,4
9603,3.6726039028,4
9605,2.3848606671,2
9614,1.3213998916,1
9616,4.3691873043,4
9622,3.6726039028,4
9624,3.8584852335,4
9629,1.7243667579,2
9633,3.9332604151,4
9640,3.8584852335,4
9644,1.9120498393,2
9645,1.3213998916,1
9646,2.9861977444,3
9648,3.0991897369,3
9649,0.5143636972,1
9660,3.9332604151,4
9664,2.8613970506,3
9675,1.587549605,2
9679,3.1981378038,3
9680,2.9330437376,3
9682,1.3213998916,1
9697,3.0991897369,3
9701,3.226315268,3
9704,2.8261091889,3
9705,2.0716800288,2
9707,3.8584852335,4
9714,2.0716800288,2
9718,2.852154518,3
9722,5.0371512904,5
9739,3.0991897369,3
9747,5.5925799048,6
9751,1.6420314851,2
9757,2.1947643429,2
9759,3.3293220814,3
9760,4.192682325,4
9764,2.8261091889,3
9776,1.3213998916,1
9778,3.0991897369,3
9786,0.7398923001,1
9803,3.6726039028,4
9804,4.5792750617,5
9815,4.8535040119,5
9824,1.5912198459,2
9825,0.4479117297,0
9826,3.1981378038,3
9827,3.8115681872,4
9833,3.8115681872,4
9835,0.7398923001,1
9860,3.8115681872,4
9865,3.5876626598,4
9871,3.226315268,3
9874,1.3269192291,1
9880,3.4266211216,3
9882,1.0168317833,1
9885,3.1981378038,3
9888,4.5792750617,5
9892,1.6514285515,2
9893,5.0371512904,5
9896,1.0168317833,1
9902,3.7234129306,4
9906,3.8115681872,4
9910,4.6356419034,5
9914,3.0204775167,3
9918,2.0716800288,2
9920,1.0168317833,1
9926,3.8641211777,4
9931,5.6808502917,6
9935,3.8115681872,4
9945,4.4123212908,4
9953,2.0716800288,2
9957,2.9861977444,3
9963,4.4123212908,4
9972,4.4123212908,4
9976,4.4483255478,4
9979,2.9861977444,3
9980,1.7243667579,2
9982,1.587549605,2
9991,3.6726039028,4
10000,5.164461929,5
10003,3.6726039028,4
10005,2.2979120833,2
10014,3.5077495567,4
10032,3.7234129306,4
10034,3.0991897369,3
10041,2.3848606671,2
10042,3.9332604151,4
10044,5.0371512904,5
10045,0.9188429038,1
10054,3.8115681872,4
10061,5.5925799048,6
10062,1.587549605,2
10073,2.3266046774,2
10081,1.155172122,1
10084,1.3213998916,1
10086,0.2242814525,0
10093,1.0168317833,1
10101,5.0371512904,5
10105,4.0398231682,4
10110,3.6726039028,4
10113,3.0991897369,3
10115,2.9861977444,3
10119,3.6726039028,4
10121,3.226315268,3
10124,2.0716800288,2
10126,5.3886824993,5
10127,3.7234129306,4
10145,3.1981378038,3
10147,1.0168317833,1
10148,2.3848606671,2
10162,2.1947643429,2
10163,2.9861977444,3
10166,1.6514285515,2
10172,3.6726039028,4
10173,2.852154518,3
10175,2.1947643429,2
10180,2.9330437376,3
10186,1.587549605,2
10192,3.226315268,3
10199,3.0266872485,3
10209,0.2919966144,0
10210,6.5459118001,7
10214,2.7478925613,3
10215,0.8030609367,1
10216,1.3213998916,1
10232,3.4266211216,3
10239,4.8535040119,5
10249,4.5792750617,5
10253,5.0371512904,5
10255,1.3213998916,1
10262,2.6992519523,3
10264,2.3848606671,2
10266,1.587549605,2
10268,1.7243667579,2
10271,2.8261091889,3
10272,5.0371512904,5
10276,1.3213998916,1
10277,2.6882139669,3
10279,2.3515528116,2
10281,2.0686102816,2
10285,2.2979120833,2
10294,1.0168317833,1
10300,2.6992519523,3
10304,3.1981378038,3
10307,3.5876626598,4
10309,5.1979728035,5
10310,1.7243667579,2
10312,0.9615096825,1
10321,2.9330437376,3
10332,0.8030609367,1
10336,3.6726039028,4
10368,3.0991897369,3
10369,5.3598752584,5
10375,0.7041187195,1
10376,1.3269192291,1
10379,3.5077495567,4
10380,3.0991897369,3
10383,2.1947643429,2
10385,5.0371512904,5
10387,3.6726039028,4
10397,2.9861977444,3
10412,3.7234129306,4
10413,2.0716800288,2
10418,2.3848606671,2
10420,2.8261091889,3
10426,3.8115681872,4
10427,2.852154518,3
10428,2.9330437376,3
10430,1.3213998916,1
10435,2.1338634984,2
10436,0.7041187195,1
10446,5.5925799048,6
10448,3.1086884618,3
10449,4.5792750617,5
10463,2.2979120833,2
10469,2.2979120833,2
10470,4.326542413,4
10471,3.9332604151,4
10473,4.8535040119,5
10476,2.8261091889,3
10482,3.0991897369,3
10500,2.9330437376,3
10511,5.0371512904,5
10512,4.2142628123,4
10514,3.6726039028,4
10515,4.326542413,4
10526,1.3213998916,1
10546,1.6420314851,2
10549,3.6726039028,4
10553,1.0168317833,1
10558,2.2979120833,2
10575,0.9615096825,1
10581,2.852154518,3
10583,2.3266046774,2
10584,1.6420314851,2
10585,1.587549605,2
10610,2.5636555411,3
10611,0.5143636972,1
10616,4.9326416684,5
10618,3.1981378038,3
10628,0.3446730136,0
10632,1.3269192291,1
10642,3.6726039028,4
10648,3.7234129306,4
10649,3.8115681872,4
10650,2.6992519523,3
10654,1.5912198459,2
10656,4.8535040119,5
10661,4.8535040119,5
10663,1.3520870427,1
10672,3.0991897369,3
10678,4.8535040119,5
10685,3.8584852335,4
10690,4.8535040119,5
10702,3.8115681872,4
10706,3.7234129306,4
10708,2.3848606671,2
10716,2.8261091889,3
10717,4.485279986,4
10720,5.0371512904,5
10729,1.3213998916,1
10730,5.0371512904,5
10745,2.5636555411,3
10753,2.2979120833,2
10754,2.2979120833,2
10762,2.2979120833,2
10766,1.0168317833,1
10776,0.7041187195,1
10783,2.852154518,3
10789,2.6992519523,3
10790,5.3598752584,5
10797,0.8030609367,1
10807,3.0991897369,3
10810,1.3213998916,1
10817,3.5876626598,4
10820,2.4610022954,2
10822,3.3061256994,3
10828,4.4123212908,4
10829,2.3848606671,2
10830,2.0958699213,2
10831,5.7711346296,6
10841,5.4258506008,5
10847,3.0266872485,3
10856,0.3446730136,0
10860,0.2919966144,0
10861,5.0371512904,5
10863,3.0991897369,3
10875,2.9861977444,3
10884,4.192682325,4
10895,1.6420314851,2
10897,3.0991897369,3
10898,2.9861977444,3
10903,0.1415003898,0
10908,1.587549605,2
10924,2.9861977444,3
10926,2.2979120833,2
10927,3.0991897369,3
10928,2.9861977444,3
10933,0.4479117297,0
10939,5.5925799048,6
10942,3.6714103539,4
10945,2.9330437376,3
10949,3.8115681872,4
10950,3.0991897369,3
10958,5.6808502917,6
10963,3.8115681872,4
10967,3.0266872485,3
10971,1.3213998916,1
10972,1.7243667579,2
10974,3.6726039028,4
10976,4.654994374,5
10980,3.0991897369,3
10991,1.3213998916,1
10995,4.192682325,4
11014,5.0371512904,5
11017,4.7254779256,5
11019,4.5792750617,5
11022,1.7243667579,2
11030,4.326542413,4
11031,2.9330437376,3
11041,1.7243667579,2
11042,3.6726039028,4
11044,4.0398231682,4
11047,4.5792750617,5
11048,3.0991897369,3
11049,3.1981378038,3
11052,3.0991897369,3
11058,1.3213998916,1
11069,2.8261091889,3
11070,2.6992519523,3
11073,5.1979728035,5
11074,1.0168317833,1
11078,1.7243667579,2
11079,0.4479117297,0
11085,0.9615096825,1
11088,3.5077495567,4
11106,0.9615096825,1
11110,5.3886824993,5
11114,3.1086884618,3
11118,2.3848606671,2
11129,4.5792750617,5
11130,3.8115681872,4
11131,3.5077495567,4
11133,2.3848606671,2
11138,3.226315268,3
11143,3.6726039028,4
11146,4.485279986,4
11153,3.8115681872,4
11162,4.1992289318,4
11170,6.3072572873,6
11171,0.668429277,1
11201,2.8261091889,3
11216,4.8535040119,5
11219,2.9861977444,3
11222,4.4123212908,4
11234,1.3213998916,1
11238,3.6726039028,4
11244,2.8261091889,3
11246,0.9188429038,1
11248,3.5353593074,4
11250,0.9615096825,1
11256,4.4123212908,4
11259,2.1947643429,2
11263,0.668429277,1
11264,2.9861977444,3
11270,1.0168317833,1
11274,1.7243667579,2
11281,2.8261091889,3
11285,0.9615096825,1
11300,2.0686102816,2
11305,2.6992519523,3
11317,3.226315268,3
11319,2.3848606671,2
11330,2.0716800288,2
11334,4.8535040119,5
11335,5.1467975171,5
11336,2.9861977444,3
11356,4.192682325,4
11358,3.0559052947,3
11360,1.7243667579,2
11364,0.9615096825,1
11373,5.7711346296,6
11379,3.3293220814,3
11382,4.192682325,4
11383,2.1338634984,2
11385,3.8584852335,4
11387,2.8261091889,3
11391,3.0991897369,3
11397,2.3848606671,2
11404,1.5912198459,2
11405,0.5381278552,1
11409,4.2142628123,4
11419,2.8261091889,3
11430,4.326542413,4
11434,5.5925799048,6
11436,2.2979120833,2
11440,3.7234129306,4
11443,2.3848606671,2
11449,2.0310252242,2
11452,3.6714103539,4
11453,1.0168317833,1
11456,3.1475047146,3
11457,1.3213998916,1
11459,4.4123212908,4
11471,0.4479117297,0
11476,2.9330437376,3
11479,0.7398923001,1
11481,3.6726039028,4
11485,3.4266211216,3
11486,2.852154518,3
11487,2.852154518,3
11488,2.1947643429,2
11498,2.5636555411,3
11506,2.3848606671,2
11511,4.8535040119,5
11515,1.3269192291,1
11518,0.5143636972,1
11521,2.1947643429,2
11523,2.9861977444,3
11524,1.587549605,2
11525,3.8115681872,4
11528,1.0168317833,1
11530,3.0991897369,3
11531,2.9330437376,3
11533,2.9861977444,3
11535,3.8115681872,4
11537,3.6726039028,4
11538,2.0310252242,2
11541,1.1370465849,1
11548,3.8584852335,4
11552,2.4610022954,2
11558,2.0716800288,2
11560,1.7243667579,2
11566,1.3213998916,1
11572,0.668429277,1
11573,4.4483255478,4
11582,4.0398231682,4
11586,2.2979120833,2
11590,3.8584852335,4
11591,2.3848606671,2
11601,3.8115681872,4
11611,3.5077495567,4
11617,1.0168317833,1
11619,4.2142628123,4
11624,3.8115681872,4
11626,5.5925799048,6
11644,2.6882139669,3
11652,0.5123482836,1
11656,1.9346277622,2
11658,2.0560253554,2
11659,5.1979728035,5
11663,2.9330437376,3
11665,3.8115681872,4
11683,4.192682325,4
11685,1.3269192291,1
11691,3.0991897369,3
11694,3.5077495567,4
11698,0.9615096825,1
11700,3.6726039028,4
11703,2.9861977444,3
11705,2.3848606671,2
11710,3.3293220814,3
11711,2.9330437376,3
11714,1.3269192291,1
11731,4.5792750617,5
11732,0.2919966144,0
11742,2.852154518,3
11744,3.8115681872,4
11745,3.1981378038,3
11749,2.5636555411,3
11756,3.7234129306,4
11761,0.5143636972,1
11762,4.192682325,4
11766,4.326542413,4
11767,6.9450400573,7
11769,3.0991897369,3
11770,3.8115681872,4
11771,4.0398231682,4
11777,2.8261091889,3
11778,4.8535040119,5
11779,1.3213998916,1
11788,1.7243667579,2
11790,4.4123212908,4
11794,3.6726039028,4
11801,3.8115681872,4
11807,1.3213998916,1
11812,3.8584852335,4
11817,1.155172122,1
11818,2.9861977444,3
11825,1.587549605,2
11828,4.0398231682,4
11833,4.192682325,4
11837,4.8535040119,5
11838,0.668429277,1
11842,2.1338634984,2
11853,4.0398231682,4
11857,4.192682325,4
11858,2.4847595166,2
11860,5.0371512904,5
11867,3.6726039028,4
11868,4.485279986,4
11871,4.192682325,4
11875,4.1992289318,4
11881,5.6808502917,6
11890,2.0716800288,2
11892,4.326542413,4
11894,2.8261091889,3
11896,4.4123212908,4
11903,4.2142628123,4
11905,3.226315268,3
11907,2.9861977444,3
11909,6.5459118001,7
11911,3.0991897369,3
11915,1.3269192291,1
11918,3.0559052947,3
11920,4.654994374,5
11923,4.192682325,4
11924,3.0991897369,3
11926,1.5912198459,2
11931,3.6726039028,4
11933,4.0398231682,4
11940,4.7254779256,5
11951,3.5876626598,4
11953,2.9861977444,3
11973,1.7243667579,2
11984,1.6420314851,2
11985,1.3269192291,1
11991,2.3848606671,2
12002,3.1981378038,3
12006,2.8261091889,3
12008,4.326542413,4
12013,1.0168317833,1
12015,3.226315268,3
12016,4.192682325,4
12023,1.7243667579,2
12029,1.7243667579,2
12036,0.9615096825,1
12038,3.7234129306,4
12041,1.587549605,2
12049,4.4123212908,4
12050,1.587549605,2
12054,3.7234129306,4
12060,2.8261091889,3
12062,5.0371512904,5
12065,2.3848606671,2
12079,1.3269192291,1
12083,5.5925799048,6
12090,4.7254779256,5
12091,4.4123212908,4
12094,4.192682325,4
12099,3.6726039028,4
12101,3.5876626598,4
12110,3.0991897369,3
12116,5.6808502917,6
12122,3.3293220814,3
12127,6.0241396947,6
12133,3.6726039028,4
12142,2.0716800288,2
12147,4.0398231682,4
12156,2.3848606671,2
12157,4.8535040119,5
12158,5.1467975171,5
12161,4.0398231682,4
12163,4.0398231682,4
12166,2.852154518,3
12170,0.4479117297,0
12174,5.0371512904,5
12183,1.7243667579,2
12188,1.3213998916,1
12189,4.192682325,4
12192,3.3061256994,3
12201,3.0266872485,3
12204,0.2246946137,0
12207,0.5143636972,1
12208,2.0686102816,2
12209,3.6726039028,4
12210,6.3072572873,6
12217,2.8261091889,3
12227,1.7243667579,2
12231,3.226315268,3
12232,3.6726039028,4
12239,5.1979728035,5
12240,2.2979120833,2
12251,2.9330437376,3
12256,4.5792750617,5
12261,0.4479117297,0
12263,1.8691329868,2
12266,0.5143636972,1
12267,3.0991897369,3
12268,3.6726039028,4
12279,4.8535040119,5
12280,2.3693963143,2
12283,2.852154518,3
12284,0.8030609367,1
12285,5.5925799048,6
12286,5.0371512904,5
12292,4.5792750617,5
12295,1.7243667579,2
12301,3.8115681872,4
12314,2.2979120833,2
12315,0.4479117297,0
12318,0.9615096825,1
12332,4.8535040119,5
12334,1.7243667579,2
12337,3.6726039028,4
12338,4.8535040119,5
12349,4.326542413,4
12350,3.226315268,3
12359,5.3886824993,5
12360,5.0371512904,5
12373,4.5792750617,5
12374,1.3269192291,1
12380,4.2142628123,4
12382,2.9330437376,3
12383,2.9330437376,3
12390,4.4123212908,4
12398,4.5792750617,5
12405,3.8115681872,4
12407,3.0991897369,3
12410,5.7711346296,6
12418,5.8958027659,6
12421,4.6356419034,5
12422,3.5876626598,4
12439,2.1338634984,2
12444,3.8115681872,4
12463,4.8036147341,5
12465,0.7398923001,1
12470,4.0398231682,4
12471,3.8115681872,4
12480,3.8584852335,4
12482,4.192682325,4
12484,2.8261091889,3
12487,4.192682325,4
12491,3.5077495567,4
12503,4.0377072571,4
12507,1.7243667579,2
12526,2.3848606671,2
12533,3.0991897369,3
12540,1.7243667579,2
12543,2.4610022954,2
12552,1.7243667579,2
12555,5.8958027659,6
12556,4.0398231682,4
12570,4.192682325,4
12579,3.5077495567,4
12588,2.3848606671,2
12600,2.0716800288,2
12615,5.1979728035,5
12624,3.8115681872,4
12629,1.6420314851,2
12634,2.3515528116,2
12638,1.3213998916,1
12646,3.4266211216,3
12650,0.4479117297,0
12665,2.9861977444,3
12674,2.9330437376,3
12676,0.668429277,1
12678,2.852154518,3
12685,3.5876626598,4
12690,3.0991897369,3
12698,3.9332604151,4
12702,4.5792750617,5
12704,3.0991897369,3
12705,2.9861977444,3
12710,3.226315268,3
12715,5.0371512904,5
12720,3.5077495567,4
12734,2.9861977444,3
12744,3.8115681872,4
12747,1.7243667579,2
12757,4.8535040119,5
12758,1.5912198459,2
12766,1.0168317833,1
12782,2.8261091889,3
12787,0.9615096825,1
12799,2.2979120833,2
12804,4.7254779256,5
12809,2.8261091889,3
12813,2.8261091889,3
12816,2.5866817608,3
12821,3.9332604151,4
12826,2.0310252242,2
12831,3.6726039028,4
12832,3.8422906189,4
12833,2.9330437376,3
12835,3.8115681872,4
12842,1.3269192291,1
12844,3.8115681872,4
12847,0.7398923001,1
12852,3.0991897369,3
12856,3.6726039028,4
12857,2.8261091889,3
12858,5.7711346296,6
12861,2.9861977444,3
12869,3.6726039028,4
12876,4.6238502431,5
12877,2.1338634984,2
12879,3.5876626598,4
12882,4.4123212908,4
12883,3.5820694861,4
12887,2.2979120833,2
12889,3.6726039028,4
12891,5.1979728035,5
12894,3.226315268,3
12895,1.3213998916,1
12899,2.0716800288,2
12905,6.5459118001,7
12913,1.7243667579,2
12916,1.7243667579,2
12917,3.0991897369,3
12925,3.226315268,3
12934,5.0371512904,5
12939,4.6356419034,5
12943,2.5636555411,3
12950,4.8535040119,5
12961,0.1436531549,0
12963,2.9861977444,3
12973,2.5636555411,3
12979,3.9332604151,4
12980,0.7398923001,1
12981,1.0168317833,1
12982,3.22966049,3
12992,3.22966049,3
12994,0.9615096825,1
12999,2.5441001714,3
13002,3.8115681872,4
13004,1.3213998916,1
13010,3.7234129306,4
13013,3.5077495567,4
13015,4.5792750617,5
13019,5.3598752584,5
13030,1.5912198459,2
13031,5.0371512904,5
13036,3.7234129306,4
13037,4.8535040119,5
13042,1.8581691938,2
13054,2.3848606671,2
13060,2.5636555411,3
13072,3.0559052947,3
13073,3.0991897369,3
13079,5.0371512904,5
13081,1.0168317833,1
13086,3.0991897369,3
13087,3.6726039028,4
13090,1.7243667579,2
13098,3.0991897369,3
13100,2.9861977444,3
13105,0.9615096825,1
13106,3.0991897369,3
13107,3.8115681872,4
13113,6.5459118001,7
13115,4.326542413,4
13117,1.0168317833,1
13118,2.8261091889,3
13121,0.7398923001,1
13137,1.5912198459,2
13146,1.3213998916,1
13150,4.8535040119,5
13151,4.2142628123,4
13152,3.5876626598,4
13156,3.1086884618,3
13165,5.5925799048,6
13169,4.2142628123,4
13178,3.8115681872,4
13180,3.8422906189,4
13183,4.192682325,4
13184,0.3508091024,0
13188,2.9330437376,3
13191,3.8115681872,4
13196,1.0168317833,1
13203,3.5077495567,4
13206,2.4610022954,2
13211,4.5792750617,5
13219,1.587549605,2
13223,5.6808502917,6
13226,3.8115681872,4
13228,2.2979120833,2
13230,4.7254779256,5
13240,4.5792750617,5
13249,5.1979728035,5
13250,1.0168317833,1
13256,3.6726039028,4
13261,2.1338634984,2
13263,2.6882139669,3
13268,4.5792750617,5
13275,1.587549605,2
13277,4.8535040119,5
13283,3.8115681872,4
13284,1.3213998916,1
13285,2.9861977444,3
13286,4.0398231682,4
13287,1.3269192291,1
13290,3.0991897369,3
13291,1.587549605,2
13294,4.8535040119,5
13295,2.8261091889,3
13303,2.9330437376,3
13306,0.5123482836,1
13311,4.7254779256,5
13322,1.3213998916,1
13331,0.9615096825,1
13337,4.7254779256,5
13344,1.3213998916,1
13362,4.7254779256,5
13364,2.2979120833,2
13366,1.7243667579,2
13368,2.9330437376,3
13370,2.1947643429,2
13377,4.8535040119,5
13378,2.1947643429,2
13388,0.4479117297,0
13392,4.5792750617,5
13398,4.5792750617,5
13403,4.4123212908,4
13404,4.5792750617,5
13409,3.6726039028,4
13416,1.8581691938,2
13422,0.4479117297,0
13427,3.6726039028,4
13433,5.0371512904,5
13438,2.6992519523,3
13441,5.3886824993,5
13449,5.0371512904,5
13450,3.7234129306,4
13453,2.2979120833,2
13460,3.4266211216,3
13461,4.5792750617,5
13465,3.6726039028,4
13468,1.587549605,2
13481,3.6726039028,4
13485,2.2979120833,2
13487,4.8535040119,5
13490,3.8115681872,4
13493,3.0991897369,3
13497,2.3848606671,2
13508,2.0716800288,2
13516,0.668429277,1
13525,3.0559052947,3
13533,4.485279986,4
13535,1.7243667579,2
13538,3.6726039028,4
13545,3.7234129306,4
13566,3.1086884618,3
13581,2.9861977444,3
13584,1.6420314851,2
13588,2.4610022954,2
13596,3.0991897369,3
13600,5.8958027659,6
13604,3.8115681872,4
13608,3.5876626598,4
13611,3.0991897369,3
13612,1.7243667579,2
13615,3.6726039028,4
13616,4.0398231682,4
13618,3.6726039028,4
13625,1.0168317833,1
13628,3.1086884618,3
13629,0.668429277,1
13630,5.0371512904,5
13633,3.5077495567,4
13637,3.9332604151,4
13640,1.3269192291,1
13641,2.9861977444,3
13651,4.5792750617,5
13674,3.8115681872,4
13684,3.8115681872,4
13690,1.6514285515,2
13707,3.6726039028,4
13709,5.0371512904,5
13710,3.1086884618,3
13713,5.164461929,5
13724,1.8581691938,2
13725,1.8581691938,2
13731,2.2979120833,2
13736,2.1947643429,2
13740,1.587549605,2
13745,5.6808502917,6
13748,1.0168317833,1
13751,1.155172122,1
13758,1.6420314851,2
13762,0.668429277,1
13764,4.192682325,4
13765,1.7243667579,2
13769,2.2979120833,2
13770,2.852154518,3
13774,5.0371512904,5
13787,2.852154518,3
13791,2.6843383595,3
13802,2.2979120833,2
13807,2.9861977444,3
13808,1.5912198459,2
13809,1.155172122,1
13810,3.6726039028,4
13822,2.6063094139,3
13823,3.0266872485,3
13825,3.6726039028,4
13826,1.155172122,1
13833,3.3061256994,3
13837,2.6992519523,3
13842,3.5077495567,4
13846,1.9721714666,2
13852,4.0385102778,4
13853,0.3561779969,0
13858,0.7398923001,1
13860,1.7243667579,2
13866,2.1338634984,2
13886,1.3213998916,1
13887,0.8030609367,1
13890,4.3581196968,4
13891,2.9330437376,3
13893,2.2979120833,2
13902,5.6808502917,6
13903,1.7243667579,2
13908,3.6714103539,4
13912,1.6514285515,2
13924,2.0716800288,2
13928,2.9861977444,3
13929,3.7234129306,4
13938,4.5792750617,5
13939,2.2979120833,2
13941,4.6356419034,5
13951,2.6843383595,3
13962,0.7041187195,1
13964,2.3848606671,2
13967,2.8261091889,3
13971,3.226315268,3
13972,4.192682325,4
13975,0.2625133,0
13977,2.9861977444,3
13979,4.326542413,4
13983,1.3269192291,1
13984,3.0559052947,3
13987,1.7243667579,2
13994,4.192682325,4
13999,3.0991897369,3
14003,5.3598752584,5
14008,4.7254779256,5
14011,4.9326416684,5
14012,2.6882139669,3
14016,2.9330437376,3
14017,2.9861977444,3
14020,1.3213998916,1
14027,1.587549605,2
14038,3.8115681872,4
14040,4.8535040119,5
14042,2.4610022954,2
14055,2.0716800288,2
14057,4.5792750617,5
14060,1.587549605,2
14081,1.0168317833,1
14091,3.8115681872,4
14111,2.9330437376,3
14117,5.0371512904,5
14121,3.6726039028,4
14122,5.0371512904,5
14125,1.7243667579,2
14129,0.9615096825,1
14135,0.5143636972,1
14148,1.3520870427,1
14157,3.8115681872,4
14161,1.3213998916,1
14163,1.3213998916,1
14172,3.226315268,3
14180,2.0716800288,2
14182,4.5792750617,5
14188,2.0716800288,2
14191,3.0991897369,3
14201,6.3072572873,6
14202,3.6726039028,4
14213,3.8115681872,4
14220,0.9615096825,1
14224,2.2979120833,2
14231,1.0168317833,1
14241,5.0371512904,5
14243,3.8584852335,4
14245,2.3848606671,2
14247,1.6514285515,2
14248,3.0991897369,3
14252,2.9861977444,3
14254,4.192682325,4
14260,3.1086884618,3
14269,4.4123212908,4
14272,1.587549605,2
14274,3.8115681872,4
14279,3.5876626598,4
14280,5.1979728035,5
14290,2.9330437376,3
14298,6.5459118001,7
14308,4.0398231682,4
14313,3.8115681872,4
14316,3.8115681872,4
14319,5.1467975171,5
14322,1.155172122,1
14323,2.6992519523,3
14325,5.4258506008,5
14337,4.0398231682,4
14339,4.0398231682,4
14341,2.9861977444,3
14342,4.6356419034,5
14346,5.5925799048,6
14351,3.6726039028,4
14354,1.3213998916,1
14355,1.3213998916,1
14358,5.6808502917,6
14359,0.5143636972,1
14364,3.6726039028,4
14374,0.9188429038,1
14376,2.1947643429,2
14382,2.9861977444,3
14384,2.9861977444,3
14393,1.7243667579,2
14398,3.0991897369,3
14403,4.192682325,4
14406,0.4479117297,0
14408,3.8115681872,4
14411,2.0716800288,2
14414,3.9332604151,4
14418,2.3848606671,2
14423,3.6726039028,4
14442,4.0398231682,4
14443,3.8115681872,4
14444,2.9330437376,3
14446,3.226315268,3
14455,3.1981378038,3
14456,4.4483255478,4
14458,3.6726039028,4
14464,4.4123212908,4
14466,4.6356419034,5
14467,3.0991897369,3
14469,2.969146922,3
14483,1.155172122,1
14484,3.0991897369,3
14490,3.0991897369,3
14491,1.9569769709,2
14494,3.0991897369,3
14496,3.9332604151,4
14503,1.3269192291,1
14504,2.9861977444,3
14505,2.9330437376,3
14506,0.9615096825,1
14507,1.3213998916,1
14512,1.0168317833,1
14520,4.5792750617,5
14527,2.2979120833,2
14531,4.8535040119,5
14532,1.3213998916,1
14535,2.3848606671,2
14543,1.3213998916,1
14554,3.9332604151,4
14556,5.8958027659,6
14557,3.8115681872,4
14561,2.2979120833,2
14562,3.3293220814,3
14567,0.7041187195,1
14568,0.9188429038,1
14574,3.226315268,3
14575,3.0991897369,3
14579,2.969146922,3
14581,3.6726039028,4
14582,1.6514285515,2
14586,1.7243667579,2
14591,2.9861977444,3
14598,3.0991897369,3
14599,3.1981378038,3
14600,0.7398923001,1
14612,4.654994374,5
14613,1.3269192291,1
14624,4.3691873043,4
14626,2.9861977444,3
14630,4.192682325,4
14633,3.22966049,3
14639,2.9861977444,3
14642,3.3061256994,3
14643,4.485279986,4
14649,3.22966049,3
14650,2.1338634984,2
14653,2.852154518,3
14655,2.2979120833,2
14656,2.3848606671,2
14662,3.6726039028,4
14663,2.0716800288,2
14673,3.0991897369,3
14674,2.3848606671,2
14676,3.8115681872,4
14682,2.1338634984,2
14685,4.654994374,5
14689,2.9861977444,3
14693,3.1981378038,3
14697,2.9861977444,3
14700,3.0991897369,3
14704,2.0716800288,2
14710,3.0266872485,3
14719,3.3061256994,3
14724,4.5792750617,5
14728,4.326542413,4
14735,3.3061256994,3
14736,2.2979120833,2
14741,1.3213998916,1
14744,1.9265584084,2
14753,1.3213998916,1
14756,4.192682325,4
14762,5.0371512904,5
14765,4.485279986,4
14783,4.654994374,5
14784,2.2979120833,2
14786,0.668429277,1
14790,1.7193293062,2
14793,2.8261091889,3
14796,5.5925799048,6
14801,1.587549605,2
14807,1.0168317833,1
14812,3.9332604151,4
14815,5.0371512904,5
14831,4.192682325,4
14833,5.5925799048,6
14836,5.7711346296,6
14856,4.192682325,4
14859,3.0991897369,3
14861,3.7234129306,4
14863,0.1436531549,0
14865,1.7243667579,2
14880,0.9615096825,1
14881,3.9332604151,4
14883,1.0168317833,1
14884,4.6356419034,5
14894,3.8115681872,4
14896,4.0398231682,4
14899,2.8261091889,3
14900,2.9330437376,3
14901,2.1338634984,2
14906,3.6726039028,4
14907,0.9615096825,1
14915,5.0371512904,5
14919,2.3848606671,2
14926,5.3886824993,5
14927,2.2979120833,2
14933,2.8261091889,3
14937,2.9330437376,3
14939,2.9330437376,3
14940,1.7243667579,2
14943,1.3269192291,1
14953,3.6726039028,4
14954,2.3848606671,2
14969,3.6726039028,4
14999,6.754903625,7
15008,3.8115681872,4
15009,3.8115681872,4
15018,4.4123212908,4
15023,3.8115681872,4
15025,1.3213998916,1
15034,3.9332604151,4
15036,4.192682325,4
15051,2.0716800288,2
15052,2.9330437376,3
15064,3.5077495567,4
15070,3.6726039028,4
15074,4.4123212908,4
15077,4.5792750617,5
15081,3.9332604151,4
15086,5.5925799048,6
15093,0.7398923001,1
15094,1.3520870427,1
15103,2.2979120833,2
15104,0.9188429038,1
15110,1.7243667579,2
15112,1.5912198459,2
15115,5.3598752584,5
15131,1.7243667579,2
15139,2.1526527542,2
15141,3.5077495567,4
15148,0.7398923001,1
15154,5.5925799048,6
15156,2.9330437376,3
15161,2.4847595166,2
15167,2.8261091889,3
15178,4.0398231682,4
15205,4.326542413,4
15207,2.0716800288,2
15222,3.6726039028,4
15223,4.326542413,4
15225,4.0398231682,4
15228,4.4123212908,4
15239,2.5302743712,3
15241,1.7243667579,2
15246,1.7243667579,2
15247,1.6420314851,2
15249,3.0991897369,3
15255,3.226315268,3
15257,1.3213998916,1
15267,1.3213998916,1
15277,2.8261091889,3
15280,4.6356419034,5
15289,4.2142628123,4
15297,1.7243667579,2
15302,1.3213998916,1
15304,0.7398923001,1
15312,1.0168317833,1
15321,0.1436531549,0
15325,0.9615096825,1
15326,4.5792750617,5
15333,4.3691873043,4
15337,1.3213998916,1
15338,4.1992289318,4
15340,5.164461929,5
15342,2.1947643429,2
15344,2.9330437376,3
15347,1.3213998916,1
15349,4.8535040119,5
15355,3.5876626598,4
15359,1.3213998916,1
15366,0.7398923001,1
15367,0.2246946137,0
15368,1.3269192291,1
15369,4.5792750617,5
15380,3.8115681872,4
15381,2.9330437376,3
15387,0.2242814525,0
15388,3.0991897369,3
15389,0.6298591236,1
15392,1.7243667579,2
15400,2.8261091889,3
15405,3.7234129306,4
15407,3.6726039028,4
15408,6.5459118001,7
15411,2.9861977444,3
15413,4.192682325,4
15418,4.654994374,5
15419,4.8535040119,5
15421,3.0991897369,3
15425,3.0991897369,3
15436,3.8115681872,4
15438,3.8584852335,4
15440,3.8584852335,4
15443,3.9332604151,4
15460,2.9861977444,3
15464,1.0168317833,1
15465,2.8261091889,3
15473,1.3213998916,1
15475,1.9569769709,2
15483,1.3213998916,1
15494,4.654994374,5
15495,6.0241396947,6
15498,3.1086884618,3
15499,2.9861977444,3
15500,1.587549605,2
15501,0.7398923001,1
15510,2.1947643429,2
15512,2.2979120833,2
15516,2.3848606671,2
15518,4.8535040119,5
15519,3.6726039028,4
15524,2.8261091889,3
15527,0.9615096825,1
15529,1.3213998916,1
15530,2.1338634984,2
15538,0.668429277,1
15539,3.0991897369,3
15541,0.9615096825,1
15546,1.3269192291,1
15547,3.0991897369,3
15548,2.0716800288,2
15552,2.0686102816,2
15556,4.8535040119,5
15567,2.6992519523,3
15572,2.2979120833,2
15573,3.6314582034,4
15574,3.6726039028,4
15577,1.0168317833,1
15579,3.6726039028,4
15581,2.3848606671,2
15589,1.3269192291,1
15596,2.6882139669,3
15598,4.6356419034,5
15599,4.0398231682,4
15605,5.6808502917,6
15606,4.192682325,4
15608,3.8115681872,4
15616,4.7254779256,5
15618,1.3213998916,1
15621,0.9615096825,1
15626,0.9615096825,1
15638,2.9861977444,3
15639,1.6514285515,2
15642,1.6514285515,2
15644,3.0991897369,3
15646,4.0318860806,4
15649,4.2142628123,4
15656,1.3269192291,1
15659,0.8030609367,1
15680,1.0168317833,1
15686,4.326542413,4
15693,1.587549605,2
15697,4.8535040119,5
15699,4.8036147341,5
15701,4.5792750617,5
15705,1.7243667579,2
15714,2.9861977444,3
15722,4.326542413,4
15728,3.9332604151,4
15734,3.0266872485,3
15752,2.0686102816,2
15756,3.9332604151,4
15760,3.9332604151,4
15762,4.0398231682,4
15767,3.3293220814,3
15768,0.9615096825,1
15773,4.8535040119,5
15774,3.6726039028,4
15781,3.5876626598,4
15782,2.9861977444,3
15784,6.5459118001,7
15791,3.4266211216,3
15796,4.5792750617,5
15798,5.0371512904,5
15806,1.3269192291,1
15814,1.3213998916,1
15819,3.5876626598,4
15825,3.6726039028,4
15826,4.5792750617,5
15831,3.8584852335,4
15835,5.5925799048,6
15836,1.3269192291,1
15839,4.654994374,5
15845,3.0991897369,3
15858,1.3213998916,1
15859,3.8115681872,4
15876,4.5792750617,5
15878,4.192682325,4
15880,1.587549605,2
15886,4.192682325,4
15888,3.22966049,3
15891,3.7234129306,4
15900,1.5197938185,2
15902,4.0398231682,4
15904,2.9861977444,3
15908,2.2979120833,2
15910,1.0168317833,1
15917,3.7234129306,4
15919,4.8535040119,5
15924,3.0991897369,3
15927,3.0991897369,3
15937,1.7243667579,2
15946,3.0266872485,3
15949,2.8261091889,3
15957,4.5792750617,5
15961,3.8584852335,4
15964,2.3848606671,2
15965,3.0266872485,3
15966,1.587549605,2
15978,1.3213998916,1
15983,1.587549605,2
15987,1.9378459483,2
15988,2.4610022954,2
15998,2.3848606671,2
16004,3.5876626598,4
16008,3.226315268,3
16011,1.587549605,2
16023,3.0991897369,3
16024,2.3848606671,2
16025,2.9861977444,3
16048,5.3598752584,5
16050,3.5876626598,4
16051,1.3213998916,1
16057,2.0716800288,2
16059,4.8535040119,5
16060,3.6726039028,4
16075,4.326542413,4
16094,5.6808502917,6
16096,4.8535040119,5
16116,1.3269192291,1
16118,1.7243667579,2
16121,2.0310252242,2
16122,3.8115681872,4
16124,5.1467975171,5
16125,3.8115681872,4
16126,3.0991897369,3
16130,4.0398231682,4
